NUMBER,NAME,LINE,TOWARDS,WD_FIRSTTRAIN,WD_LASTTRAIN,SAT_FIRSTTRAIN,SAT_LASTTRAIN,SUN_FIRSTTRAIN,SUN_LASTTRAIN
NS28,MARINA SOUTH PIER MRT STATION,North South Line,Jurong East,610,2348,610,2348,638,2348
CE2-NS27,MARINA BAY MRT STATION,North South Line,Jurong East,601,2350,601,2350,626,2350
EW14-NS26,RAFFLES PLACE MRT STATION,North South Line,Jurong East,603,2353,603,2353,628,2353
EW13-NS25,CITY HALL MRT STATION,North South Line,Jurong East,605,2355,605,2355,630,2355
CC1-NE6-NS24,DHOBY GHAUT MRT STATION,North South Line,Jurong East,607,2357,607,2357,632,2357
NS23,SOMERSET MRT STATION,North South Line,Jurong East,609,2359,609,2359,634,2359
NS22,ORCHARD MRT STATION,North South Line,Jurong East,611,2,611,2,636,2
DT11-NS21,NEWTON MRT STATION,North South Line,Jurong East,559,4,613,4,620,4
NS20,NOVENA MRT STATION,North South Line,Jurong East,601,7,616,7,622,7
NS19,TOA PAYOH MRT STATION,North South Line,Jurong East,604,9,618,9,625,9
NS18,BRADDELL MRT STATION,North South Line,Jurong East,606,12,621,12,627,12
CC15-NS17,BISHAN MRT STATION,North South Line,Jurong East,608,14,623,14,629,14
NS16,ANG MO KIO MRT STATION,North South Line,Jurong East,517,18,517,18,540,18
NS15,YIO CHU KANG MRT STATION,North South Line,Jurong East,519,20,519,20,542,20
NS14,KHATIB MRT STATION,North South Line,Jurong East,524,26,524,26,547,26
NS13,YISHUN MRT STATION,North South Line,Jurong East,527,28,527,28,550,28
NS11,SEMBAWANG MRT STATION,North South Line,Jurong East,532,34,532,34,555,34
NS10,ADMIRALTY MRT STATION,North South Line,Jurong East,535,37,535,37,558,37
NS9,WOODLANDS MRT STATION,North South Line,Jurong East,538,40,538,40,601,40
NS8,MARSILING MRT STATION,North South Line,Jurong East,540,43,540,43,603,43
NS7,KRANJI MRT STATION,North South Line,Jurong East,543,45,543,45,606,45
NS5,YEW TEE MRT STATION,North South Line,Jurong East,537,50,537,50,600,50
NS4BP1,CHOA CHU KANG MRT STATION,North South Line,Jurong East,539,53,539,53,602,53
NS3,BUKIT GOMBAK MRT STATION,North South Line,Jurong East,543,57,543,57,606,57
NS2,BUKIT BATOK MRT STATION,North South Line,Jurong East,545,100,545,100,608,100
EW24-NS1,JURONG EAST MRT STATION,North South Line,Jurong East,-,-,-,-,-,-
EW24-NS1,JURONG EAST MRT STATION,North South Line,Marina South Pier,516,2246,516,2246,535,2246
NS2,BUKIT BATOK MRT STATION,North South Line,Marina South Pier,519,2249,519,2249,538,2249
NS3,BUKIT GOMBAK MRT STATION,North South Line,Marina South Pier,521,2251,521,2251,540,2251
NS4BP1,CHOA CHU KANG MRT STATION,North South Line,Marina South Pier,525,2256,525,2256,544,2256
NS5,YEW TEE MRT STATION,North South Line,Marina South Pier,527,2258,527,2258,546,2258
NS7,KRANJI MRT STATION,North South Line,Marina South Pier,522,2303,522,2303,538,2303
NS8,MARSILING MRT STATION,North South Line,Marina South Pier,524,2306,524,2306,540,2306
NS9,WOODLANDS MRT STATION,North South Line,Marina South Pier,527,2308,527,2308,543,2308
NS10,ADMIRALTY MRT STATION,North South Line,Marina South Pier,529,2311,529,2311,545,2311
NS11,SEMBAWANG MRT STATION,North South Line,Marina South Pier,533,2314,533,2314,549,2314
NS13,YISHUN MRT STATION,North South Line,Marina South Pier,524,2320,524,2320,554,2320
NS14,KHATIB MRT STATION,North South Line,Marina South Pier,526,2322,526,2322,557,2322
NS15,YIO CHU KANG MRT STATION,North South Line,Marina South Pier,531,2328,531,2328,602,2328
NS16,ANG MO KIO MRT STATION,North South Line,Marina South Pier,534,2331,534,2331,605,2331
CC15-NS17,BISHAN MRT STATION,North South Line,Marina South Pier,537,2334,537,2334,602,2334
NS18,BRADDELL MRT STATION,North South Line,Marina South Pier,539,2336,539,2336,604,2336
NS19,TOA PAYOH MRT STATION,North South Line,Marina South Pier,541,2339,541,2339,606,2339
NS20,NOVENA MRT STATION,North South Line,Marina South Pier,544,2341,544,2341,608,2341
DT11-NS21,NEWTON MRT STATION,North South Line,Marina South Pier,546,2344,546,2344,611,2344
NS22,ORCHARD MRT STATION,North South Line,Marina South Pier,548,2346,548,2346,613,2346
NS23,SOMERSET MRT STATION,North South Line,Marina South Pier,550,2348,550,2348,615,2348
CC1-NE6-NS24,DHOBY GHAUT MRT STATION,North South Line,Marina South Pier,552,2351,552,2351,617,2351
EW13-NS25,CITY HALL MRT STATION,North South Line,Marina South Pier,554,2353,554,2353,619,2353
EW14-NS26,RAFFLES PLACE MRT STATION,North South Line,Marina South Pier,556,2355,556,2355,621,2355
CE2-NS27,MARINA BAY MRT STATION,North South Line,Marina South Pier,605,2358,605,2358,632,2358
NS28,MARINA SOUTH PIER MRT STATION,North South Line,Marina South Pier,-,-,-,-,-,-
EW33,TUAS LINK MRT STATION,East West Line,Pasir Ris,519,2319,519,2319,549,2319
EW32,TUAS WEST ROAD MRT STATION,East West Line,Pasir Ris,521,2321,521,2321,551,2321
EW31,TUAS CRESCENT MRT STATION,East West Line,Pasir Ris,523,2323,523,2323,553,2323
EW30,GUL CIRCLE MRT STATION,East West Line,Pasir Ris,526,2326,526,2326,556,2326
EW29,JOO KOON MRT STATION,East West Line,Pasir Ris,531,2329,531,2329,559,2329
EW28,PIONEER MRT STATION,East West Line,Pasir Ris,532,2332,532,2332,602,2332
EW27,BOON LAY MRT STATION,East West Line,Pasir Ris,534,2334,534,2334,604,2334
EW26,LAKESIDE MRT STATION,East West Line,Pasir Ris,537,2337,537,2337,607,2337
EW25,CHINESE GARDEN MRT STATION,East West Line,Pasir Ris,539,2339,539,2339,609,2339
EW24-NS1,JURONG EAST MRT STATION,East West Line,Pasir Ris,542,2342,542,2342,612,2342
EW23,CLEMENTI MRT STATION,East West Line,Pasir Ris,538,2346,538,2346,606,2346
EW22,DOVER MRT STATION,East West Line,Pasir Ris,540,2349,540,2349,608,2349
CC22-EW21,BUONA VISTA MRT STATION,East West Line,Pasir Ris,543,2351,543,2351,611,2351
EW20,COMMONWEALTH MRT STATION,East West Line,Pasir Ris,545,2353,545,2353,613,2353
EW19,QUEENSTOWN MRT STATION,East West Line,Pasir Ris,547,2355,547,2355,615,2355
EW18,REDHILL MRT STATION,East West Line,Pasir Ris,549,2358,549,2358,617,2358
EW17,TIONG BAHRU MRT STATION,East West Line,Pasir Ris,552,0,552,0,620,0
EW16-NE3,OUTRAM PARK MRT STATION,East West Line,Pasir Ris,554,3,554,3,622,3
EW15,TANJONG PAGAR MRT STATION,East West Line,Pasir Ris,556,5,556,5,624,5
EW14-NS26,RAFFLES PLACE MRT STATION,East West Line,Pasir Ris,559,8,559,8,627,8
EW13-NS25,CITY HALL MRT STATION,East West Line,Pasir Ris,601,10,601,10,629,10
DT14-EW12,BUGIS MRT STATION,East West Line,Pasir Ris,603,13,603,13,631,13
EW11,LAVENDER MRT STATION,East West Line,Pasir Ris,605,15,605,15,633,15
EW10,KALLANG MRT STATION,East West Line,Pasir Ris,607,17,607,17,635,17
EW9,ALJUNIED MRT STATION,East West Line,Pasir Ris,610,20,610,20,638,20
CC9-EW8,PAYA LEBAR MRT STATION,East West Line,Pasir Ris,612,22,612,22,640,22
EW7,EUNOS MRT STATION,East West Line,Pasir Ris,614,25,614,25,642,25
EW6,KEMBANGAN MRT STATION,East West Line,Pasir Ris,616,27,616,27,644,27
EW5,BEDOK MRT STATION,East West Line,Pasir Ris,619,30,619,30,647,30
EW4CG,TANAH MERAH MRT STATION,East West Line,Pasir Ris,516,33,516,33,542,33
EW3,SIMEI MRT STATION,East West Line,Pasir Ris,519,37,519,37,545,37
DT32-EW2,TAMPINES MRT STATION,East West Line,Pasir Ris,522,39,522,39,548,39
EW1,PASIR RIS MRT STATION,East West Line,Pasir Ris,-,-,-,-,-,-
EW1,PASIR RIS MRT STATION,East West Line,Tuas Link,528,2323,528,2323,554,2323
DT32-EW2,TAMPINES MRT STATION,East West Line,Tuas Link,531,2326,531,2326,557,2326
EW3,SIMEI MRT STATION,East West Line,Tuas Link,534,2329,534,2329,600,2329
EW4CG,TANAH MERAH MRT STATION,East West Line,Tuas Link,537,2333,537,2333,603,2333
EW5,BEDOK MRT STATION,East West Line,Tuas Link,540,2336,540,2336,606,2336
EW6,KEMBANGAN MRT STATION,East West Line,Tuas Link,543,2339,543,2339,609,2339
EW7,EUNOS MRT STATION,East West Line,Tuas Link,545,2341,545,2341,611,2341
CC9-EW8,PAYA LEBAR MRT STATION,East West Line,Tuas Link,547,2343,547,2343,613,2343
EW9,ALJUNIED MRT STATION,East West Line,Tuas Link,549,2346,549,2346,615,2346
EW10,KALLANG MRT STATION,East West Line,Tuas Link,551,2348,551,2348,617,2348
EW11,LAVENDER MRT STATION,East West Line,Tuas Link,554,2350,554,2350,620,2350
DT14-EW12,BUGIS MRT STATION,East West Line,Tuas Link,556,2353,556,2353,622,2353
EW13-NS25,CITY HALL MRT STATION,East West Line,Tuas Link,558,2355,558,2355,624,2355
EW14-NS26,RAFFLES PLACE MRT STATION,East West Line,Tuas Link,600,2358,600,2358,626,2358
EW15,TANJONG PAGAR MRT STATION,East West Line,Tuas Link,602,0,602,0,628,0
EW16-NE3,OUTRAM PARK MRT STATION,East West Line,Tuas Link,604,2,604,2,630,2
EW17,TIONG BAHRU MRT STATION,East West Line,Tuas Link,607,5,607,5,633,5
EW18,REDHILL MRT STATION,East West Line,Tuas Link,609,8,609,8,635,8
EW19,QUEENSTOWN MRT STATION,East West Line,Tuas Link,612,10,612,10,638,10
EW20,COMMONWEALTH MRT STATION,East West Line,Tuas Link,614,12,614,12,640,12
CC22-EW21,BUONA VISTA MRT STATION,East West Line,Tuas Link,616,15,616,15,642,15
EW22,DOVER MRT STATION,East West Line,Tuas Link,618,17,618,17,644,17
EW23,CLEMENTI MRT STATION,East West Line,Tuas Link,621,20,621,20,647,20
EW24-NS1,JURONG EAST MRT STATION,East West Line,Tuas Link,514,25,514,25,544,25
EW25,CHINESE GARDEN MRT STATION,East West Line,Tuas Link,516,27,516,27,546,27
EW26,LAKESIDE MRT STATION,East West Line,Tuas Link,518,29,518,29,548,29
EW27,BOON LAY MRT STATION,East West Line,Tuas Link,521,32,521,32,551,32
EW28,PIONEER MRT STATION,East West Line,Tuas Link,523,35,523,35,553,35
EW29,JOO KOON MRT STATION,East West Line,Tuas Link,527,38,527,38,557,38
EW30,GUL CIRCLE MRT STATION,East West Line,Tuas Link,530,41,530,41,600,41
EW31,TUAS CRESCENT MRT STATION,East West Line,Tuas Link,532,44,532,44,602,44
EW32,TUAS WEST ROAD MRT STATION,East West Line,Tuas Link,535,46,535,46,605,46
EW33,TUAS LINK MRT STATION,East West Line,Tuas Link,-,-,-,-,-,-
EW4CG,TANAH MERAH MRT STATION,East West Line,Changi Airport,520,2350,520,2350,547,2350
CG1-DT35,EXPO MRT STATION,East West Line,Changi Airport,523,2353,523,2353,550,2353
CG2,CHANGI AIRPORT MRT STATION,East West Line,Changi Airport,-,-,-,-,-,-
CG2,CHANGI AIRPORT MRT STATION,East West Line,Tanah Merah,531,6,531,6,559,6
CG1-DT35,EXPO MRT STATION,East West Line,Tanah Merah,536,11,536,11,604,11
EW4CG,TANAH MERAH MRT STATION,East West Line,Tanah Merah,-,-,-,-,-,-
DT1,BUKIT PANJANG MRT STATION,Downtown Line,Expo,530,2335,530,2335,550,2335
DT2,CASHEW MRT STATION,Downtown Line,Expo,532,2337,532,2337,552,2337
DT3,HILLVIEW MRT STATION,Downtown Line,Expo,534,2338,534,2338,554,2338
DT5,BEAUTY WORLD MRT STATION,Downtown Line,Expo,537,2342,537,2342,557,2342
DT6,KING ALBERT PARK MRT STATION,Downtown Line,Expo,539,2344,539,2344,559,2344
DT7,SIXTH AVENUE MRT STATION,Downtown Line,Expo,542,2346,542,2346,602,2346
DT8,TAN KAH KEE MRT STATION,Downtown Line,Expo,544,2348,544,2348,604,2348
CC19-DT9,BOTANIC GARDENS MRT STATION,Downtown Line,Expo,546,2350,546,2350,606,2350
DT10,STEVENS MRT STATION,Downtown Line,Expo,548,2352,548,2352,608,2352
DT11-NS21,NEWTON MRT STATION,Downtown Line,Expo,551,2354,551,2354,611,2354
DT12-NE7,LITTLE INDIA MRT STATION,Downtown Line,Expo,553,2357,553,2357,613,2357
DT13,ROCHOR MRT STATION,Downtown Line,Expo,555,2358,555,2358,615,2358
DT14-EW12,BUGIS MRT STATION,Downtown Line,Expo,557,0,557,0,617,0
CC4-DT15,PROMENADE MRT STATION,Downtown Line,Expo,600,2,600,2,620,2
CE1-DT16,BAYFRONT MRT STATION,Downtown Line,Expo,602,4,602,4,622,4
DT17,DOWNTOWN MRT STATION,Downtown Line,Expo,604,6,604,6,624,6
DT18,TELOK AYER MRT STATION,Downtown Line,Expo,606,7,606,7,626,7
DT19-NE4,CHINATOWN MRT STATION,Downtown Line,Expo,608,9,608,9,628,9
DT20,FORT CANNING MRT STATION,Downtown Line,Expo,610,11,610,11,630,11
DT21,BENCOOLEN MRT STATION,Downtown Line,Expo,612,12,612,12,631,12
DT22,JALAN BESAR MRT STATION,Downtown Line,Expo,613,14,613,14,633,14
DT23,BENDEMEER MRT STATION,Downtown Line,Expo,615,16,615,16,635,16
DT24,GEYLANG BAHRU MRT STATION,Downtown Line,Expo,559,18,559,18,619,18
DT25,MATTAR MRT STATION,Downtown Line,Expo,601,21,601,21,621,21
CC10-DT26,MACPHERSON MRT STATION,Downtown Line,Expo,603,23,603,23,623,23
DT27,UBI MRT STATION,Downtown Line,Expo,605,24,605,24,625,24
DT28,KAKI BUKIT MRT STATION,Downtown Line,Expo,607,26,607,26,627,26
DT29,BEDOK NORTH MRT STATION,Downtown Line,Expo,609,28,609,28,629,28
DT30,BEDOK RESERVOIR MRT STATION,Downtown Line,Expo,611,30,611,30,631,30
DT31,TAMPINES WEST MRT STATION,Downtown Line,Expo,613,33,613,33,633,33
DT32-EW2,TAMPINES MRT STATION,Downtown Line,Expo,616,35,616,35,636,35
DT33,TAMPINES EAST MRT STATION,Downtown Line,Expo,618,37,618,37,638,37
DT34,UPPER CHANGI MRT STATION,Downtown Line,Expo,621,40,621,40,641,40
CG1-DT35,EXPO MRT STATION,Downtown Line,Expo,-,-,-,-,-,-
CG1-DT35,EXPO MRT STATION,Downtown Line,Bukit Panjang,536,2340,536,2340,554,2340
DT34,UPPER CHANGI MRT STATION,Downtown Line,Bukit Panjang,538,2341,538,2341,556,2341
DT33,TAMPINES EAST MRT STATION,Downtown Line,Bukit Panjang,541,2345,541,2345,559,2345
DT32-EW2,TAMPINES MRT STATION,Downtown Line,Bukit Panjang,543,2347,543,2347,601,2347
DT31,TAMPINES WEST MRT STATION,Downtown Line,Bukit Panjang,545,2349,545,2349,603,2349
DT30,BEDOK RESERVOIR MRT STATION,Downtown Line,Bukit Panjang,548,2351,548,2351,606,2351
DT29,BEDOK NORTH MRT STATION,Downtown Line,Bukit Panjang,550,2354,550,2354,608,2354
DT28,KAKI BUKIT MRT STATION,Downtown Line,Bukit Panjang,552,2356,552,2356,610,2356
DT27,UBI MRT STATION,Downtown Line,Bukit Panjang,554,2358,554,2358,612,2358
CC10-DT26,MACPHERSON MRT STATION,Downtown Line,Bukit Panjang,556,0,556,0,614,0
DT25,MATTAR MRT STATION,Downtown Line,Bukit Panjang,558,2,558,2,616,2
DT24,GEYLANG BAHRU MRT STATION,Downtown Line,Bukit Panjang,600,4,600,4,618,4
DT23,BENDEMEER MRT STATION,Downtown Line,Bukit Panjang,602,6,602,6,620,6
DT22,JALAN BESAR MRT STATION,Downtown Line,Bukit Panjang,604,8,604,8,622,8
DT21,BENCOOLEN MRT STATION,Downtown Line,Bukit Panjang,606,10,606,10,624,10
DT20,FORT CANNING MRT STATION,Downtown Line,Bukit Panjang,608,11,608,11,626,11
DT19-NE4,CHINATOWN MRT STATION,Downtown Line,Bukit Panjang,610,14,610,14,628,14
DT18,TELOK AYER MRT STATION,Downtown Line,Bukit Panjang,611,15,611,15,629,15
DT17,DOWNTOWN MRT STATION,Downtown Line,Bukit Panjang,613,16,613,16,631,16
CE1-DT16,BAYFRONT MRT STATION,Downtown Line,Bukit Panjang,615,18,615,18,633,18
CC4-DT15,PROMENADE MRT STATION,Downtown Line,Bukit Panjang,617,20,617,20,635,20
DT14-EW12,BUGIS MRT STATION,Downtown Line,Bukit Panjang,603,22,603,22,632,22
DT13,ROCHOR MRT STATION,Downtown Line,Bukit Panjang,605,24,605,24,633,24
DT12-NE7,LITTLE INDIA MRT STATION,Downtown Line,Bukit Panjang,606,26,606,26,630,26
DT11-NS21,NEWTON MRT STATION,Downtown Line,Bukit Panjang,556,28,556,28,616,28
DT10,STEVENS MRT STATION,Downtown Line,Bukit Panjang,558,30,558,30,618,30
CC19-DT9,BOTANIC GARDENS MRT STATION,Downtown Line,Bukit Panjang,600,32,600,32,621,32
DT8,TAN KAH KEE MRT STATION,Downtown Line,Bukit Panjang,602,34,602,34,622,34
DT7,SIXTH AVENUE MRT STATION,Downtown Line,Bukit Panjang,604,36,604,36,624,36
DT6,KING ALBERT PARK MRT STATION,Downtown Line,Bukit Panjang,606,38,606,38,627,38
DT5,BEAUTY WORLD MRT STATION,Downtown Line,Bukit Panjang,608,40,608,40,629,40
DT3,HILLVIEW MRT STATION,Downtown Line,Bukit Panjang,612,44,612,44,632,44
DT2,CASHEW MRT STATION,Downtown Line,Bukit Panjang,613,45,613,45,634,45
DT1,BUKIT PANJANG MRT STATION,Downtown Line,Bukit Panjang,-,-,-,-,-,-
NE17-PTC,PUNGGOL MRT STATION,North East Line,HarbourFront,542,2328,542,2328,602,2328
NE16-STC,SENGKANG MRT STATION,North East Line,HarbourFront,544,2330,544,2330,604,2330
NE15,BUANGKOK MRT STATION,North East Line,HarbourFront,546,2332,546,2332,606,2332
NE14,HOUGANG MRT STATION,North East Line,HarbourFront,548,2334,548,2334,608,2334
NE13,KOVAN MRT STATION,North East Line,HarbourFront,551,2337,551,2337,611,2337
CC13-NE12,SERANGOON MRT STATION,North East Line,HarbourFront,553,2340,554,2340,614,2340
NE11,WOODLEIGH MRT STATION,North East Line,HarbourFront,556,2342,556,2342,616,2342
NE10,POTONG PASIR MRT STATION,North East Line,HarbourFront,558,2344,558,2344,618,2344
NE9,BOON KENG MRT STATION,North East Line,HarbourFront,600,2346,600,2346,620,2346
NE8,FARRER PARK MRT STATION,North East Line,HarbourFront,602,2348,603,2349,623,2349
DT12-NE7,LITTLE INDIA MRT STATION,North East Line,HarbourFront,604,2350,605,2351,625,2351
CC1-NE6-NS24,DHOBY GHAUT MRT STATION,North East Line,HarbourFront,606,2352,607,2353,627,2353
NE5,CLARKE QUAY MRT STATION,North East Line,HarbourFront,608,2354,609,2355,629,2355
DT19-NE4,CHINATOWN MRT STATION,North East Line,HarbourFront,610,2356,611,2357,631,2357
EW16-NE3,OUTRAM PARK MRT STATION,North East Line,HarbourFront,612,2358,613,2359,633,2359
CC29-NE1,HARBOURFRONT MRT STATION,North East Line,HarbourFront,-,-,-,-,-,-
CC29-NE1,HARBOURFRONT MRT STATION,North East Line,Punggol,549,2355,550,2355,610,2355
EW16-NE3,OUTRAM PARK MRT STATION,North East Line,Punggol,548,2359,548,2359,608,2359
DT19-NE4,CHINATOWN MRT STATION,North East Line,Punggol,550,1,550,1,610,1
NE5,CLARKE QUAY MRT STATION,North East Line,Punggol,551,3,551,3,611,3
CC1-NE6-NS24,DHOBY GHAUT MRT STATION,North East Line,Punggol,554,5,554,5,614,5
DT12-NE7,LITTLE INDIA MRT STATION,North East Line,Punggol,556,7,556,7,616,7
NE8,FARRER PARK MRT STATION,North East Line,Punggol,558,9,558,9,618,9
NE9,BOON KENG MRT STATION,North East Line,Punggol,600,11,600,11,620,11
NE10,POTONG PASIR MRT STATION,North East Line,Punggol,602,13,603,13,623,13
NE11,WOODLEIGH MRT STATION,North East Line,Punggol,604,15,605,15,625,15
CC13-NE12,SERANGOON MRT STATION,North East Line,Punggol,606,18,607,18,627,18
NE13,KOVAN MRT STATION,North East Line,Punggol,609,20,610,20,630,20
NE14,HOUGANG MRT STATION,North East Line,Punggol,611,23,612,23,632,23
NE15,BUANGKOK MRT STATION,North East Line,Punggol,614,25,614,25,634,25
NE16-STC,SENGKANG MRT STATION,North East Line,Punggol,537,27,536,27,556,27
NE17-PTC,PUNGGOL MRT STATION,North East Line,Punggol,-,-,-,-,-,-
CC1-NE6-NS24,DHOBY GHAUT MRT STATION,Circle Line,HarbourFront,537,2248,537,2248,605,2248
CC2,BRAS BASAH MRT STATION,Circle Line,HarbourFront,539,2250,539,2250,606,2250
CC3,ESPLANADE MRT STATION,Circle Line,HarbourFront,541,2251,541,2251,608,2251
CC4-DT15,PROMENADE MRT STATION,Circle Line,HarbourFront,543,2254,543,2254,610,2254
CC5,NICOLL HIGHWAY MRT STATION,Circle Line,HarbourFront,545,2256,545,2256,612,2256
CC6,STADIUM MRT STATION,Circle Line,HarbourFront,547,2258,547,2258,615,2258
CC7,MOUNTBATTEN MRT STATION,Circle Line,HarbourFront,535,2300,535,2300,603,2300
CC8,DAKOTA MRT STATION,Circle Line,HarbourFront,537,2301,537,2301,604,2301
CC9-EW8,PAYA LEBAR MRT STATION,Circle Line,HarbourFront,540,2304,540,2304,607,2304
CC10-DT26,MACPHERSON MRT STATION,Circle Line,HarbourFront,542,2306,542,2306,609,2306
CC11,TAI SENG MRT STATION,Circle Line,HarbourFront,544,2308,544,2308,611,2308
CC12,BARTLEY MRT STATION,Circle Line,HarbourFront,516,2310,516,2310,540,2310
CC13-NE12,SERANGOON MRT STATION,Circle Line,HarbourFront,518,2313,518,2313,542,2313
CC14,LORONG CHUAN MRT STATION,Circle Line,HarbourFront,520,2315,520,2315,544,2315
CC15-NS17,BISHAN MRT STATION,Circle Line,HarbourFront,523,2318,523,2318,547,2318
CC16,MARYMOUNT MRT STATION,Circle Line,HarbourFront,525,2320,525,2320,550,2320
CC17,CALDECOTT MRT STATION,Circle Line,HarbourFront,528,2323,528,2323,552,2323
CC19-DT9,BOTANIC GARDENS MRT STATION,Circle Line,HarbourFront,532,2327,532,2327,557,2327
CC20,FARRER ROAD MRT STATION,Circle Line,HarbourFront,534,2329,534,2329,559,2329
CC21,HOLLAND VILLAGE MRT STATION,Circle Line,HarbourFront,537,2331,537,2331,601,2331
CC22-EW21,BUONA VISTA MRT STATION,Circle Line,HarbourFront,539,2334,539,2334,603,2334
CC23,ONE-NORTH MRT STATION,Circle Line,HarbourFront,541,2335,541,2335,605,2335
CC24,KENT RIDGE MRT STATION,Circle Line,HarbourFront,535,2337,535,2337,600,2337
CC25,HAW PAR VILLA MRT STATION,Circle Line,HarbourFront,538,2340,538,2340,602,2340
CC26,PASIR PANJANG MRT STATION,Circle Line,HarbourFront,540,2342,540,2342,604,2342
CC27,LABRADOR PARK MRT STATION,Circle Line,HarbourFront,542,2344,542,2344,607,2344
CC28,TELOK BLANGAH MRT STATION,Circle Line,HarbourFront,544,2346,544,2346,608,2346
CC29-NE1,HARBOURFRONT MRT STATION,Circle Line,HarbourFront,-,-,-,-,-,-
CC29-NE1,HARBOURFRONT MRT STATION,Circle Line,Dhoby Ghaut,530,2303,530,2303,551,2303
CC28,TELOK BLANGAH MRT STATION,Circle Line,Dhoby Ghaut,532,2306,532,2306,554,2306
CC27,LABRADOR PARK MRT STATION,Circle Line,Dhoby Ghaut,534,2308,534,2308,556,2308
CC26,PASIR PANJANG MRT STATION,Circle Line,Dhoby Ghaut,530,2310,530,2310,551,2310
CC25,HAW PAR VILLA MRT STATION,Circle Line,Dhoby Ghaut,532,2312,532,2312,553,2312
CC24,KENT RIDGE MRT STATION,Circle Line,Dhoby Ghaut,535,2315,535,2315,556,2315
CC23,ONE-NORTH MRT STATION,Circle Line,Dhoby Ghaut,536,2317,536,2317,557,2317
CC22-EW21,BUONA VISTA MRT STATION,Circle Line,Dhoby Ghaut,539,2319,539,2319,600,2319
CC21,HOLLAND VILLAGE MRT STATION,Circle Line,Dhoby Ghaut,540,2321,540,2321,601,2321
CC20,FARRER ROAD MRT STATION,Circle Line,Dhoby Ghaut,543,2323,543,2323,604,2323
CC19-DT9,BOTANIC GARDENS MRT STATION,Circle Line,Dhoby Ghaut,545,2325,545,2325,606,2325
CC17,CALDECOTT MRT STATION,Circle Line,Dhoby Ghaut,534,2330,534,2330,602,2330
CC16,MARYMOUNT MRT STATION,Circle Line,Dhoby Ghaut,537,2332,537,2332,604,2332
CC15-NS17,BISHAN MRT STATION,Circle Line,Dhoby Ghaut,540,2335,540,2335,607,2335
CC14,LORONG CHUAN MRT STATION,Circle Line,Dhoby Ghaut,542,2338,542,2338,609,2338
CC13-NE12,SERANGOON MRT STATION,Circle Line,Dhoby Ghaut,544,2340,544,2340,611,2340
CC12,BARTLEY MRT STATION,Circle Line,Dhoby Ghaut,547,2342,547,2342,614,2342
CC11,TAI SENG MRT STATION,Circle Line,Dhoby Ghaut,535,2344,535,2344,602,2344
CC10-DT26,MACPHERSON MRT STATION,Circle Line,Dhoby Ghaut,537,2346,537,2346,604,2346
CC9-EW8,PAYA LEBAR MRT STATION,Circle Line,Dhoby Ghaut,540,2349,540,2349,607,2349
CC8,DAKOTA MRT STATION,Circle Line,Dhoby Ghaut,542,2351,542,2351,609,2351
CC7,MOUNTBATTEN MRT STATION,Circle Line,Dhoby Ghaut,544,2353,544,2353,611,2353
CC6,STADIUM MRT STATION,Circle Line,Dhoby Ghaut,545,2354,545,2354,613,2354
CC5,NICOLL HIGHWAY MRT STATION,Circle Line,Dhoby Ghaut,548,2357,548,2357,615,2357
CC4-DT15,PROMENADE MRT STATION,Circle Line,Dhoby Ghaut,550,2359,550,2359,617,2359
CC3,ESPLANADE MRT STATION,Circle Line,Dhoby Ghaut,552,1,552,1,619,1
CC2,BRAS BASAH MRT STATION,Circle Line,Dhoby Ghaut,554,3,554,3,621,3
CC1-NE6-NS24,DHOBY GHAUT MRT STATION,Circle Line,Dhoby Ghaut,-,-,-,-,-,-
CC6,STADIUM MRT STATION,Circle Line,Marina Bay,610,2343,610,2343,630,2343
CC5,NICOLL HIGHWAY MRT STATION,Circle Line,Marina Bay,612,2346,612,2346,633,2346
CC4-DT15,PROMENADE MRT STATION,Circle Line,Marina Bay,615,2348,615,2348,635,2348
CE1-DT16,BAYFRONT MRT STATION,Circle Line,Marina Bay,617,2351,617,2351,637,2351
CE2-NS27,MARINA BAY MRT STATION,Circle Line,Marina Bay,-,-,-,-,-,-
CE2-NS27,MARINA BAY MRT STATION,Circle Line,Stadium,559,2355,559,2355,624,2355
CE1-DT16,BAYFRONT MRT STATION,Circle Line,Stadium,602,2357,602,2357,626,2357
NE16-STC,SENGKANG MRT STATION,Sengkang LRT,East Loop (Clockwise),525,21,525,21,545,21
SE1,COMPASSVALE LRT STATION,Sengkang LRT,East Loop (Clockwise),526,23,526,23,546,23
SE2,RUMBIA LRT STATION,Sengkang LRT,East Loop (Clockwise),528,25,528,25,548,25
SE3,BAKAU LRT STATION,Sengkang LRT,East Loop (Clockwise),530,26,530,26,549,26
SE4,KANGKAR LRT STATION,Sengkang LRT,East Loop (Clockwise),531,27,531,27,551,27
SE5,RANGGUNG LRT STATION,Sengkang LRT,East Loop (Clockwise),533,30,533,30,553,30
NE16-STC,SENGKANG MRT STATION,Sengkang LRT,East Loop (Anti-Clockwise),529,35,529,35,549,35
SE5,RANGGUNG LRT STATION,Sengkang LRT,East Loop (Anti-Clockwise),531,37,531,37,551,37
SE4,KANGKAR LRT STATION,Sengkang LRT,East Loop (Anti-Clockwise),533,40,533,40,553,40
SE3,BAKAU LRT STATION,Sengkang LRT,East Loop (Anti-Clockwise),534,42,534,42,554,42
SE2,RUMBIA LRT STATION,Sengkang LRT,East Loop (Anti-Clockwise),536,46,536,46,556,46
SE1,COMPASSVALE LRT STATION,Sengkang LRT,East Loop (Anti-Clockwise),537,48,537,48,557,48
SW1,CHENG LIM LRT STATION,Sengkang LRT,West Loop (Clockwise),544,100,544,100,604,100
SW2,FARMWAY LRT STATION,Sengkang LRT,West Loop (Clockwise),543,59,543,59,603,59
SW3,KUPANG LRT STATION,Sengkang LRT,West Loop (Clockwise),542,57,542,57,602,57
SW4,THANGGAM LRT STATION,Sengkang LRT,West Loop (Clockwise),541,55,541,55,601,55
SW5,FERNVALE LRT STATION,Sengkang LRT,West Loop (Clockwise),540,49,540,49,600,49
SW6,LAYAR LRT STATION,Sengkang LRT,West Loop (Clockwise),538,46,538,46,558,46
SW7,TONGKANG LRT STATION,Sengkang LRT,West Loop (Clockwise),536,45,536,45,556,45
SW8,RENJONG LRT STATION,Sengkang LRT,West Loop (Clockwise),535,42,535,42,555,42
NE16-STC,SENGKANG MRT STATION,Sengkang LRT,West Loop (Clockwise),533,37,533,37,553,37
NE16-STC,SENGKANG MRT STATION,Sengkang LRT,West Loop (Anti-Clockwise),530,13,530,13,550,13
SW8,RENJONG LRT STATION,Sengkang LRT,West Loop (Anti-Clockwise),528,26,528,26,548,26
SW7,TONGKANG LRT STATION,Sengkang LRT,West Loop (Anti-Clockwise),526,24,526,24,546,24
SW6,LAYAR LRT STATION,Sengkang LRT,West Loop (Anti-Clockwise),525,23,525,23,545,23
SW5,FERNVALE LRT STATION,Sengkang LRT,West Loop (Anti-Clockwise),523,21,523,21,543,21
SW4,THANGGAM LRT STATION,Sengkang LRT,West Loop (Anti-Clockwise),521,19,521,19,541,19
SW3,KUPANG LRT STATION,Sengkang LRT,West Loop (Anti-Clockwise),520,18,520,18,542,18
SW2,FARMWAY LRT STATION,Sengkang LRT,West Loop (Anti-Clockwise),519,17,519,17,539,17
SW1,CHENG LIM LRT STATION,Sengkang LRT,West Loop (Anti-Clockwise),518,16,518,16,538,16
PE1,COVE LRT STATION,Punggol LRT,East Loop (Clockwise),530,30,530,30,550,30
PE2,MERIDIAN LRT STATION,Punggol LRT,East Loop (Clockwise),529,29,529,29,549,29
PE3,CORAL EDGE LRT STATION,Punggol LRT,East Loop (Clockwise),528,28,528,28,548,28
PE4,RIVIERA LRT STATION,Punggol LRT,East Loop (Clockwise),526,26,526,26,546,26
PE5,KADALOOR LRT STATION,Punggol LRT,East Loop (Clockwise),524,25,524,25,544,25
PE6,OASIS LRT STATION,Punggol LRT,East Loop (Clockwise),523,23,523,23,543,23
PE7,DAMAI LRT STATION,Punggol LRT,East Loop (Clockwise),522,22,522,22,542,22
NE17-PTC,PUNGGOL MRT STATION,Punggol LRT,East Loop (Clockwise),520,20,520,20,540,20
PE7,DAMAI LRT STATION,Punggol LRT,East Loop (Anti-Clockwise),536,55,536,55,555,55
PE6,OASIS LRT STATION,Punggol LRT,East Loop (Anti-Clockwise),534,53,534,53,554,53
PE5,KADALOOR LRT STATION,Punggol LRT,East Loop (Anti-Clockwise),533,51,533,51,553,51
PE4,RIVIERA LRT STATION,Punggol LRT,East Loop (Anti-Clockwise),531,48,531,48,551,48
PE3,CORAL EDGE LRT STATION,Punggol LRT,East Loop (Anti-Clockwise),530,45,530,45,550,45
PE2,MERIDIAN LRT STATION,Punggol LRT,East Loop (Anti-Clockwise),528,43,528,43,548,43
PE1,COVE LRT STATION,Punggol LRT,East Loop (Anti-Clockwise),527,40,527,40,550,40
NE17-PTC,PUNGGOL MRT STATION,Punggol LRT,East Loop (Anti-Clockwise),525,38,525,38,545,38
PW1,SAM KEE LRT STATION,Punggol LRT,West Loop (Clockwise),537,48,537,48,557,48
PW3,PUNGGOL POINT LRT STATION,Punggol LRT,West Loop (Clockwise),535,48,535,48,555,48
PW4,SAMUDERA LRT STATION,Punggol LRT,West Loop (Clockwise),534,47,534,47,554,47
PW5,NIBONG LRT STATION,Punggol LRT,West Loop (Clockwise),533,43,533,43,553,43
PW6,SUMANG LRT STATION,Punggol LRT,West Loop (Clockwise),532,42,532,42,552,42
PW7,SOO TECK LRT STATION,Punggol LRT,West Loop (Clockwise),530,41,530,41,550,41
NE17-PTC,PUNGGOL MRT STATION,Punggol LRT,West Loop (Clockwise),520,40,520,40,520,40
PW7,SOO TECK LRT STATION,Punggol LRT,West Loop (Anti-Clockwise),524,22,524,22,545,22
PW6,SUMANG LRT STATION,Punggol LRT,West Loop (Anti-Clockwise),523,20,523,20,543,20
PW5,NIBONG LRT STATION,Punggol LRT,West Loop (Anti-Clockwise),522,18,522,18,542,18
PW4,SAMUDERA LRT STATION,Punggol LRT,West Loop (Anti-Clockwise),521,18,521,18,541,18
PW3,PUNGGOL POINT LRT STATION,Punggol LRT,West Loop (Anti-Clockwise),520,52,520,52,540,52
PW1,SAM KEE LRT STATION,Punggol LRT,West Loop (Anti-Clockwise),518,15,518,15,538,15
NE17-PTC,PUNGGOL MRT STATION,Punggol LRT,West Loop (Anti-Clockwise),518,13,518,13,538,13
BP1,CHOA CHU KANG LRT STATION,Bukit Panjang LRT,Choa Chu Kang,513,2330,513,2330,532,2330
BP2,SOUTH VIEW LRT STATION,Bukit Panjang LRT,Choa Chu Kang,511,2336,511,2336,530,2336
BP3,KEAT HONG LRT STATION,Bukit Panjang LRT,Choa Chu Kang,509,2334,509,2334,528,2334
BP4,TECK WHYE LRT STATION,Bukit Panjang LRT,Choa Chu Kang,508,2333,508,2333,527,2333
BP5,PHOENIX LRT STATION,Bukit Panjang LRT,Choa Chu Kang,507,2332,507,2332,526,2332
BP6,BUKIT PANJANG LRT STATION,Bukit Panjang LRT,Choa Chu Kang,505,2330,505,2330,524,2330
BP1,CHOA CHU KANG LRT STATION,Bukit Panjang LRT,Bukit Panjang,513,2330,513,2330,532,2330
BP2,SOUTH VIEW LRT STATION,Bukit Panjang LRT,Bukit Panjang,514,2331,514,2331,533,2331
BP3,KEAT HONG LRT STATION,Bukit Panjang LRT,Bukit Panjang,516,2333,516,2333,535,2333
BP4,TECK WHYE LRT STATION,Bukit Panjang LRT,Bukit Panjang,517,2334,517,2334,536,2334
BP5,PHOENIX LRT STATION,Bukit Panjang LRT,Bukit Panjang,518,2335,518,2335,537,2335
BP6,BUKIT PANJANG LRT STATION,Bukit Panjang LRT,Bukit Panjang,459,2337,459,2337,518,2337
BP7,PETIR LRT STATION,Bukit Panjang LRT,Via Senja From BP,509,2329,509,2329,528,2329
BP8,PENDING LRT STATION,Bukit Panjang LRT,Via Senja From BP,507,2327,507,2327,526,2327
BP9,BANGKIT LRT STATION,Bukit Panjang LRT,Via Senja From BP,506,2326,506,2326,525,2326
BP10,FAJAR LRT STATION,Bukit Panjang LRT,Via Senja From BP,504,2324,504,2324,523,2324
BP11,SEGAR LRT STATION,Bukit Panjang LRT,Via Senja From BP,503,2322,503,2322,522,2322
BP12,JELAPANG LRT STATION,Bukit Panjang LRT,Via Senja From BP,501,2320,501,2320,520,2320
BP13,SENJA LRT STATION,Bukit Panjang LRT,Via Senja From BP,500,2319,500,2319,519,2319
BP7,PETIR LRT STATION,Bukit Panjang LRT,Via Petir From BP,506,2338,506,2338,525,2338
BP8,PENDING LRT STATION,Bukit Panjang LRT,Via Petir From BP,508,2340,508,2340,526,2340
BP9,BANGKIT LRT STATION,Bukit Panjang LRT,Via Petir From BP,509,2341,509,2341,527,2341
BP10,FAJAR LRT STATION,Bukit Panjang LRT,Via Petir From BP,511,2343,511,2343,529,2343
BP11,SEGAR LRT STATION,Bukit Panjang LRT,Via Petir From BP,512,2345,512,2345,530,2345
BP12,JELAPANG LRT STATION,Bukit Panjang LRT,Via Petir From BP,514,2347,514,2347,532,2347
BP13,SENJA LRT STATION,Bukit Panjang LRT,Via Petir From BP,515,2348,515,2348,533,2348
